"Adj Close","Open"
96.286354,121.330002
96.413979,120.379997
95.00206,119.870003
93.989075,119.059998
94.136993,117.959999
92.082008,116.110001
91.746162,114.980003
89.81913,113.75
89.667206,112.279999
92.034035,114.779999
92.401848,115.32
96.103981,118.410004
96.056015,120.010002
96.000038,121.220001
96.711723,121.769997
97.06353,120.959999
97.607262,121.059998
95.904091,121.5
97.375366,120.470001
96.143982,120.910004
95.560272,120.910004
94.608749,119.080002
95.000526,119.589996
94.812866,119.099998
94.123154,118.650002
96.785759,119.110001
96.890091,120.800003
97.467491,121.139999
98.349686,121.699997
98.381836,122.480003
97.242897,122.660004
98.261505,121.519997
97.724167,122.330002
99.151695,123.940002
99.424385,123.400002
99.408386,123.459999
99.071533,124.080002
99.175797,123.690002
99.753204,124.879997
99.68103,124.040001
99.873535,124.5
99.576843,123.709999
99.945671,125.040001
100.747711,124.529999
101.188766,125.989998
101.957375,126.040001
101.836876,126.889999
101.531693,126.099998
102.190262,126.059998
102.037651,127.849998
101.547775,126.470001
101.371117,125.389999
101.242638,126.879997
101.917175,127.07
101.86097,127.019997
103.089691,128.039993
102.88887,127.830002
103.202103,127.949997
103.36274,128.619995
103.402885,128.960007
102.672035,127.760002
103.266365,128.679993
103.322533,128.380005
102.680054,129
103.651825,127.980003
104.047966,129.309998
104.144585,129.619995
103.975471,129.229996
104.32972,128.990005
104.361938,129.770004
104.394188,128.929993
104.555153,129.639999
104.096169,130.020004
104.321693,129.600006
104.305588,129.539993
104.200912,129.419998
102.61483,127.93
103.242805,127.639999
103.79837,128.820007
103.98349,129.220001
104.233109,129.169998
106.020561,130.050003
106.181595,131.789993
106.608276,132.009995
106.523598,132.529999
106.539734,131.910004
105.983116,131.360001
105.668488,131.529999
105.006996,130.240005
105.353867,130.220001
106.55587,131.389999
106.217018,132.220001
105.66037,131.729996
105.781456,130.270004
106.321892,131.710007
106.725296,131.559998
106.217018,132.149994
105.281288,130.660004
105.184448,130.100006
104.159981,128.960007
102.457848,128.869995
103.135475,128.169998
104.643951,128.119995
103.579163,129.320007
104.119667,129.229996
105.628128,129.830002
104.99086,130.270004
104.498787,130.229996
104.974503,129.960007
104.199188,128.740005
104.764465,129.270004
105.507454,130.5
106.484734,130.559998
106.605865,132.089996
106.444313,131.809998
107.033905,131.850006
106.928886,132.039993
106.452415,132.410004
105.063278,131.130005
104.861412,129.5
104.247643,129.169998
103.650002,128
103.730728,128.809998
103.52076,127.800003
102.52739,127.18
102.010498,126.82
101.905525,126.779999
100.605263,126.209999
99.929375,124.529999
101.144974,123.690002
101.161163,124.900002
101.063942,123.949997
101.39621,124.919998
100.699249,124.93
101.785225,125.230003
100.480431,124.529999
100.245445,124.019997
98.065506,122.129997
97.879097,121.089996
98.130287,120.639999
100.431862,121.989998
100.909973,125.169998
101.647415,124.120003
100.472336,126.379997
101.777069,124.400002
101.209801,125.339996
102.409172,125.120003
103.375221,126.769997
103.204765,126.800003
103.959724,127.730003
103.878555,128.119995
101.832817,128.149994
102.474152,126.129997
101.280777,125.059998
101.540543,125.029999
102.295525,125.400002
102.125008,125.019997
104.276268,127.75
104.20327,128.619995
104.844604,128.369995
104.544197,128.619995
103.561928,127.790001
103.294022,127.419998
102.571564,127.959999
102.21434,126.43
101.938347,125.209999
103.602585,125.919998
103.196609,127.25
103.764923,127.529999
104.690361,127.489998
104.982628,129.270004
104.112564,128.350006
103.193748,126.019997
102.339958,126.93
102.868477,126.599998
104.551697,128.169998
106.145393,129.020004
106.031563,130.309998
105.454247,130.25
105.259056,130.470001
104.519096,128.660004
106.299881,130.059998
106.438118,130.940002
106.828423,131.320007
106.966644,130.940002
106.982887,131.5
107.275627,131.149994
107.02359,131.740005
107.056076,132.050003
107.104881,131.509995
107.796036,131.770004
107.95829,132.289993
107.925636,132.190002
107.428375,132.570007
107.183723,131.570007
106.29509,131.259995
107.110367,130.210007
106.849487,131.419998
106.686409,130.75
106.735344,130.869995
105.920097,130.380005
106.702713,130.639999
106.172813,130.740005
106.286934,130.369995
108.284363,131.160004
108.382195,132.889999
108.007172,132.770004
108.504501,132.600006
108.732765,133.460007
110.379646,133.270004
110.762794,135.619995
110.493736,135.570007
110.558983,135.149994
110.65683,135.850006
110.836113,135.199997
110.673546,136.210007
110.55101,134.919998
109.75042,135.529999
109.390915,134.369995
109.962852,134.440002
109.513466,133.919998
110.109879,134.619995
109.864799,135.110001
110.028221,134.75
110.714455,135.149994
111.073898,136.089996
110.820625,135.399994
109.954674,135.419998
108.884438,134.399994
108.761948,133.910004
108.761948,133.259995
109.488976,133.339996
110.534714,134.649994
110.640938,134.949997
110.58371,135.259995
108.895966,134.800003
108.887817,132.929993
106.957085,131.600006
106.760803,131
106.989822,131.190002
106.998009,130.679993
106.842659,131.350006
107.971558,131.020004
106.899849,132.559998
107.063469,130.460007
108.028809,131.279999
105.738152,131.050003
104.707352,129.179993
104.650078,127.360001
104.748314,128.190002
104.331039,127.410004
102.883049,127.82
102.678482,125.57
103.017273,125.25
104.682266,126.629997
104.747902,127.309998
105.108765,127.650002
106.535904,128.669998
106.232475,129.119995
105.543427,129.179993
106.330864,128.169998
106.740952,130.229996
106.708206,130.25
106.257072,130.690002
106.125832,129.610001
106.822975,129.710007
107.233101,130.339996
107.905655,131.300003
108.053314,131.589996
108.676689,132.210007
108.68486,132.979996
108.118904,132.529999
107.823624,131.699997
108.627396,131.649994
109.537834,132.679993
108.775085,133.669998
109.242554,132.570007
108.430534,131.059998
107.755913,131.289993
107.624214,131.289993
107.451469,130.940002
106.192619,129.820007
107.434959,128.660004
110.059639,132.990005
109.944443,133.639999
110.298157,133.699997
109.845604,133.690002
109.475418,133.320007
110.010208,133.399994
110.693039,134.199997
110.841217,134.460007
110.981079,134.660004
111.137337,134.289993
110.981079,134.619995
111.754433,135.369995
112.088005,135.809998
112.623352,136.130005
113.216354,137.190002
113.67762,137.589996
114.171852,138.389999
114.196495,138.850006
114.674225,138.440002
114.287109,139.229996
113.99881,138.759995
115.094261,139.289993
114.13063,138.809998
114.805992,139.240005
114.962509,138.880005
114.723633,139.589996
115.086052,139.369995
114.913055,139.619995
115.349617,139.589996
115.20134,140.229996
115.193153,139.380005
115.14933,139.509995
115.57872,139.559998
114.678658,140
114.373154,138.649994
115.446648,139.240005
113.671333,140.330002
114.596085,138.350006
116.098961,138.740005
115.834648,140.449997
116.214546,139.889999
116.487061,140.360001
117.535698,141.690002
117.948578,142.910004
118.196327,142.979996
118.708321,143.949997
119.203766,143.729996
119.236763,144.289993
119.286385,144.440002
120.004677,144.809998
119.832527,144.820007
119.294739,143.850006
119.402336,144.509995
119.824333,144.860001
119.063026,144.119995
119.898743,144.309998
119.327835,145.089996
120.213173,144.669998
119.948433,144.350006
120.246346,145.009995
120.295937,145.300003
121.032463,145.869995
120.097359,146.240005
120.618652,145.360001
120.238037,144.179993
120.767578,145.320007
121.230995,146.080002
122.281837,146.979996
122.794899,147.820007
122.811424,147.990005
120.651726,147.899994
121.934303,146.979996
120.767578,146.550003
120.130432,146.100006
120.214134,144.710007
120.363243,145.380005
121.58902,146.130005
121.299057,147.020004
121.555908,146.639999
121.655273,146.550003
122.46698,147.199997
122.59951,147.869995
121.539337,147.559998
122.549774,147.119995
123.709412,149.259995
123.767372,149.360001
124.454826,149.770004
125.01799,150.130005
124.935226,150.899994
125.100868,150.910004
124.951828,150.75
126.003654,150.880005
126.542007,151.880005
126.268707,152.639999
127.198189,152.419998
127.115067,153.039993
127.505447,153.279999
126.94902,153.710007
126.890907,151.669998
126.890907,152.160004
127.812805,154.210007
126.94902,153.020004
127.164871,152.860001
125.503754,152.610001
126.508766,151.539993
125.952293,152.259995
124.016975,151.220001
124.797737,149.380005
126.517059,151.160004
126.42569,152.789993
125.58683,151.080002
124.473808,152.179993
126.051903,149.740005
125.138252,151.600006
126.068619,151.630005
127.164871,151.960007
125.495453,152.940002
122.580017,149.839996
122.957848,148.029999
121.751015,146.330002
122.600052,147.410004
123.840195,148.300003
124.763931,149.690002
123.640427,149.320007
124.364494,149.520004
123.95665,149.149994
124.464256,148.419998
125.696259,150.720001
126.528503,151.779999
127.169388,152.710007
127.102791,152.770004
128.492844,154.350006
128.318054,154.419998
128.709122,154.559998
128.426208,154.600006
128.54277,154.639999
129.291855,154.979996
129.280182,154.880005
129.271835,155.119995
129.480148,155.570007
129.263535,155.610001
129.280182,154.539993
129.313553,154.479996
129.121887,154.860001
129.105164,155.399994
129.046783,155.119995
129.921936,155.889999
130.180222,155.470001
129.838516,155.910004
129.055115,155.369995
128.796829,154.320007
128.921722,155.330002
128.438385,154.490005
128.37175,153.449997
128.713425,154.419998
127.780037,154.270004
125.946518,152.100006
125.748413,150.580002
125.113396,150.300003
125.121811,149.910004
124.19442,149.440002
124.829353,148.860001
125.188637,149.589996
124.670601,149.830002
123.241829,148.190002
123.693001,147.419998
123.868477,148.020004
123.534302,148.419998
123.751503,148.880005
124.645508,148.020004
124.595428,149.179993
124.570259,149.699997
125.723396,149.5
126.826225,151.470001
127.962639,151.820007
127.86235,153.330002
128.413788,153.339996
129.458252,155.330002
129.75061,155.020004
130.92041,155.160004
130.611282,156.869995
129.174713,156.160004
128.68071,154.110001
128.136658,153.740005
127.600845,153.259995
128.044464,152.699997
127.424942,152.300003
126.41201,150.789993
126.931084,151
126.395317,150.899994
125.298546,150.660004
125.934875,149.679993
124.737709,149.119995
123.507095,149
123.716377,147.690002
126.378639,149.139999
127.391602,150.919998
127.91893,151.190002
126.696693,152.600006
128.521667,152.369995
128.48819,152.110001
128.731293,153.660004
128.672607,153.690002
129.275986,154.029999
128.915619,153.809998
129.736923,154.190002
130.281723,154.910004
130.214691,155.199997
131.161743,155.710007
130.633743,156.729996
130.147644,155.610001
130.625351,155.580002
130.79303,156.259995
130.650574,155.279999
131.765213,156.490005
130.616959,157.720001
131.99147,155.660004
132.092041,157.330002
131.890793,157.419998
132.469269,156.520004
133.03067,158.100006
133.759552,158.570007
133.877075,159.710007
133.784775,159.580002
133.314453,159.550003
134.229797,159.289993
134.683136,159.830002
134.859451,160.809998
134.767105,160.539993
135.06105,160.789993
134.951859,161.110001
134.280106,160.759995
133.499176,159.229996
133.306107,158.460007
132.768646,158.449997
134.481598,159.529999
134.540375,160.289993
134.112213,159.770004
132.928238,159.839996
132.222977,158.210007
132.374084,157.539993
133.423584,158.369995
133.322891,159.270004
135.825058,159.160004
135.925812,161.479996
136.367767,161.619995
136.881287,162.570007
137.33577,162.720001
138.429993,163.600006
138.438431,164.759995
138.539474,164.550003
139.280167,164.940002
138.135437,164.789993
138.371155,164.399994
137.950287,164.990005
138.859299,164.660004
138.337418,164.699997
138.202759,164.949997
138.194305,164.559998
136.561417,163.899994
137.57988,162.740005
138.522598,163.660004
138.026001,164.220001
138.222214,163.789993
137.927414,165.029999
137.708328,163.759995
136.225754,162.429993
133.504807,160.710007
133.11731,158.710007
133.892258,158.470001
132.342209,157.660004
133.243607,158.300003
132.047424,156.229996
129.334946,156.570007
129.798172,153.949997
129.882446,153.720001
131.533478,154.699997
132.915039,156.559998
132.889847,157.759995
134.583038,158.059998
134.540909,160
135.029541,158.660004
136.12468,160.080002
135.973007,161.699997
135.223312,161.020004
135.888779,160.559998
135.833893,161.080002
136.551865,161.020004
136.416779,161.740005
136.703934,161.710007
137.303635,161.639999
137.700668,162.559998
136.408234,161.589996
138.215958,163.130005
137.97937,163.779999
138.604431,163.820007
138.815582,164.759995
138.520004,164.050003
138.038544,164.279999
137.878021,162.660004
136.036667,163.740005
135.6987,160.729996
137.151581,161.399994
137.920242,162.690002
136.999603,163.259995
137.937103,161.850006
137.608871,163.470001
137.448105,163.130005
138.251923,163.369995
137.355011,164.070007
137.312698,162.25
137.795029,162.610001
138.971237,163.720001
139.571899,164.669998
139.927246,165.190002
139.901886,165.720001
138.666565,166.009995
137.211151,163.580002
137.355011,162.100006
138.852737,163
136.627319,164.119995
135.400452,160.669998
136.610336,161.080002
137.380402,161.669998
138.785034,163.429993
138.668091,163.610001
138.905258,163.839996
139.557312,164.300003
139.421799,164.940002
139.464157,165.009995
138.329391,164.080002
139.023773,164.130005
139.726654,164.619995
140.107758,164.919998
139.921448,165.300003
139.515045,165.160004
139.667358,163.970001
138.651245,164.660004
139.75206,164.509995
140.023041,165.020004
140.336365,165.289993
141.250931,166.309998
141.462616,167.100006
140.666687,167.089996
139.345612,165.779999
139.753937,164.160004
139.838882,164.139999
138.658783,164.699997
140.068054,163.949997
140.23793,165.089996
140.78978,165.289993
141.333176,166.449997
141.010498,166.539993
141.596329,166.470001
141.723557,166.600006
141.952805,167.25
141.800018,166.940002
141.893509,166.889999
142.750931,167.509995
143.548965,168.580002
143.684875,169.119995
143.778183,169.149994
142.929306,168.75
142.029282,168.289993
142.309387,167.539993
142.368942,167.389999
142.63208,167.429993
143.421616,168.050003
143.557526,169.020004
143.826248,169.25
143.681671,169.059998
142.797028,168.830002
143.145752,167.520004
142.975662,168.380005
143.052094,167.759995
142.814056,167.910004
143.928314,168.289993
144.098511,169.309998
145.008698,169.850006
144.489822,169.880005
143.630661,169.580002
144.251648,169.179993
143.724167,167.889999
143.928314,168.770004
144.85556,170.149994
144.932159,170.509995
145.519012,170.960007
144.27713,170.809998
145.258133,169.949997
144.917496,170.100006
145.39444,170.559998
145.241119,170.809998
145.138885,170.660004
144.04892,169.770004
144.261841,169.229996
143.725281,169.889999
143.469849,169.270004
140.753281,167.270004
140.140244,164.800003
140.787445,164.800003
139.586746,164.800003
139.82518,163.460007
139.271698,164.850006
140.79599,163.669998
140.974823,165.960007
140.923691,165.279999
141.77533,166
142.294693,166.690002
141.907394,167.419998
143.366119,167.25
144.074173,168.639999
144.679901,168.720001
145.174683,169.809998
144.910172,170.009995
145.549988,170.559998
145.814484,170.820007
145.882736,171.149994
145.677963,170.399994
145.771744,170.899994
145.515884,170.940002
145.63533,171.380005
145.584122,170.910004
146.087387,170.520004
145.925354,171.039993
145.123459,170.789993
145.59259,170.169998
145.456085,169.889999
144.935806,170.380005
145.294098,170.059998
146.198364,169.960007
146.368912,171.570007
147.247665,172.009995
147.463913,173
146.57457,172.350006
145.548523,170.850006
146.899536,170.360001
144.65921,171.5
145.967468,169.789993
145.651093,169.179993
145.428818,170.449997
143.385025,169.910004
143.359421,167.389999
145.129486,168.889999
145.001266,170.440002
142.683823,168.729996
145.04393,166.869995
142.239227,169.160004
141.272964,166.389999
139.323242,165.089996
139.408813,163.669998
137.912384,161.190002
137.655792,159
139.767975,162.679993
139.93895,162.350006
141.777405,164.449997
140.563171,166.169998
142.333313,166.050003
143.436356,166.600006
143.556122,167.229996
145.078125,168.479996
144.855804,170.009995
146.737106,169.630005
148.319031,173.339996
148.242126,173.570007
148.327621,173.080002
149.25975,174.589996
149.892471,174.75
150.140442,175.240005
150.456833,175.619995
150.516708,175.979996
150.533783,175.259995
150.875793,176.25
150.798904,176.360001
150.918579,176.059998
151.320511,176.529999
151.294815,176.850006
151.568604,176.110001
152.338287,178.520004
152.424088,178.130005
152.561234,178.160004
152.60405,177.960007
152.681198,178.119995
152.252594,177.539993
153.075546,177.679993
153.418488,178.589996
153.307098,178.729996
153.889893,179.279999
153.058426,178.960007
152.561234,176.779999
150.272293,177.5
150.906662,175.889999
148.309097,174.770004
147.27179,173.75
146.465988,171.270004
148.814911,171.270004
152.415482,175.979996
152.624237,177.789993
154.093323,178.220001
154.668976,179.869995
154.668976,180.190002
154.806412,180.490005
154.737686,179.880005
154.179214,179.630005
152.821762,179.820007
152.873398,178.649994
150.210083,177.059998
148.96431,175.100006
150.85437,174.850006
153.57785,177.259995
152.254807,178.979996
151.412918,177.440002
151.189438,177.720001
149.539886,173.440002
148.680817,174.740005
150.19252,172.570007
150.390244,175.229996
150.777206,174.25
152.98703,175.919998
151.68866,177.710007
151.766083,176.160004
149.263824,173.5
147.65596,174.550003
149.530411,172.160004
147.423706,173.199997
148.988678,171.949997
151.619827,174.130005
151.791855,175.800003
153.528702,177.279999
153.133224,178.820007
152.273285,177.179993
153.494385,178.169998
153.6577,178.089996
154.637924,179.270004
155.067932,180
155.265732,180.059998
155.179733,180.179993
154.852936,179.869995
156.180725,179.149994
155.991013,180.710007
156.844635,181.029999
156.887711,181.809998
156.930847,181.919998
156.223816,181.929993
157.508575,181.369995
156.81012,182.229996
155.870346,181.410004
156.206573,181.25
153.818298,180.119995
155.025391,178.529999
152.343872,178.380005
152.050827,176.979996
154.309692,177.240005
153.094009,178.389999
155.008102,178.25
153.90451,178.789993
155.82724,177.910004
154.904663,180.179993
156.296036,180.460007
156.201096,181.050003
155.320099,180.649994
152.806717,179.949997
152.426727,176.149994
152.711716,176.330002
154.939987,178.309998
153.376785,178.520004
152.651276,177.539993
153.160858,176.699997
154.24913,176.320007
154.102295,178.770004
154.387253,178.600006
154.948669,178.660004
155.786514,179.669998
155.156006,180.169998
155.622406,179.580002
156.226913,180.830002
156.252975,180.669998
153.787994,179.270004
155.59436,179.309998
154.928909,180.699997
155.620285,179.649994
155.888184,179.440002
156.035049,180.5
155.715271,181.460007
156.294403,180.360001
155.628937,179.800003
153.995407,179.699997
155.481964,179.210007
155.9487,180.339996
154.71286,180.229996
154.176895,179.869995
154.946121,178.119995
157.167328,181.139999
156.501862,181.770004
156.190689,180.100006
156.216599,180.850006
157.763672,181.809998
158.060699,182.240005
158.233948,182.429993
158.450485,182.919998
158.259949,183.229996
158.329239,182.619995
157.870209,182.509995
156.233063,181.929993
157.229248,180.770004
157.029999,181.110001
156.007965,181.169998
156.259125,181
156.042572,180.080002
156.674789,180.850006
155.228333,180.179993
154.613388,179.080002
154.015717,178.509995
153.929047,177.820007
155.964645,178.380005
156.466934,180.690002
155.159042,179.860001
154.266907,177.889999
155.228333,178.070007
155.46228,179.660004
157.064713,180.210007
156.117996,180.639999
157.125381,181.029999
157.299133,181.119995
155.813995,180.559998
155.154053,180.050003
155.570847,179.210007
152.539871,177.600006
152.696228,177
154.06839,177.570007
153.764389,177.789993
153.4431,175.589996
154.268143,176.880005
151.983978,176.110001
152.209808,177.149994
154.077118,177.220001
155.979065,178.830002
156.613052,179.449997
156.621689,180.320007
157.255707,181.199997
156.944443,180.490005
157.074905,180.949997
155.579681,179.690002
154.997253,178.429993
154.00621,178.330002
152.580627,177.229996
151.459167,174.470001
153.093521,174.860001
154.09317,176.330002
154.058411,177.039993
153.588989,177.669998
152.780563,176.820007
152.406738,175.789993
152.441437,175.839996
151.45047,175.479996
151.120132,173.889999
153.163055,174.800003
151.354874,174.589996
151.441803,172.830002
151.528748,173.990005
152.041626,174.169998
152.73703,174.240005
152.415375,175.279999
151.033203,174.330002
147.973206,172.25
143.385971,167.789993
138.126968,155.899994
136.478653,163.330002
141.85965,160.389999
145.165054,164.860001
145.060318,165.720001
144.057404,165.350006
139.941101,161.399994
142.557404,162.929993
142.740479,164.330002
140.385742,161.419998
143.821976,163.809998
141.737534,166.529999
142.496292,162.539993
143.368408,162.899994
142.827789,164.460007
144.868546,164.360001
146.089508,166.460007
145.478973,167.419998
142.908127,164
144.096512,164.669998
142.436218,162.619995
142.077988,163.259995
141.448807,161.119995
142.331497,163.839996
139.631241,162.039993
140.015717,159.979996
142.104233,162.039993
141.990692,163.009995
143.816879,160.350006
146.438446,165.740005
146.534622,167.740005
147.635605,168.600006
148.876434,168.669998
149.21727,170.619995
149.575531,170.729996
149.112411,170.25
147.74054,170.5
149.70665,169.399994
150.266129,171.440002
150.475937,171.279999
150.379822,171.589996
149.916458,172.440002
152.81897,172.559998
154.191513,176
153.885513,176.240005
153.579529,175.330002
155.336746,176.009995
155.074524,177.029999
154.296448,177.639999
155.72142,176.869995
156.551971,177.919998
156.18483,179.570007
156.176056,178.75
156.61319,178.490005
155.109482,178.5
155.424286,176.979996
154.92601,178.169998
152.705353,176.089996
150.904327,174.070007
153.011322,172.5
153.133728,175.600006
155.380493,175.679993
155.31926,177.179993
156.172745,178.169998
155.891998,177.880005
156.10257,176.669998
156.058685,178.009995
156.03241,177.800003
155.444794,178.130005
156.830521,177.919998
155.49736,178.639999
153.339767,177.660004
156.488434,175.25
155.541229,178.020004
154.164215,175.679993
153.480118,175.440002
154.260666,175.179993
151.497879,173.649994
152.524078,172.970001
153.892273,174.910004
155.804367,176.429993
153.576584,178.149994
150.330887,173.839996
151.429672,172.279999
152.977036,173.100006
154.559418,175.220001
154.040695,175.660004
153.829803,174.490005
155.587997,176.190002
154.550674,176.570007
152.959427,175.089996
150.585739,171.050003
150.67366,171.690002
148.519806,168.919998
145.020889,165.960007
143.508759,165.960007
144.027451,164.160004
145.0121,165.190002
141.847244,165.539993
143.816498,162.020004
140.452927,159.259995
140.751968,161.449997
138.632141,157.25
139.503036,157.809998
141.429291,160.910004
139.590927,160.410004
142.088959,159.5
140.118668,160.570007
141.182999,160.679993
144.578247,161.610001
144.551849,163.389999
141.974686,162.699997
143.549026,162.419998
144.375916,162.820007
142.44075,163.869995
141.042252,160.110001
140.94548,158.539993
140.197922,160.979996
137.919693,156.800003
140.716797,158.160004
142.669479,161.759995
145.070816,163.429993
144.710159,165.330002
144.52742,163.179993
146.505096,165.350006
144.924667,165.610001
145.383759,162.600006
147.299698,165.029999
146.805298,167.839996
145.639847,166.160004
148.782913,166.009995
149.109497,168.020004
149.515701,168.729996
150.107208,169.529999
150.636948,169.369995
149.754059,169.800003
150.107208,170.410004
150.142532,170.669998
152.058395,171.470001
152.21727,171.699997
152.42038,171.610001
153.153137,172.210007
154.450958,173.460007
155.446381,175.270004
155.729538,175.619995
155.455215,175.300003
154.66777,175.220001
154.782745,173.850006
154.941986,175.130005
155.782547,174.490005
156.508087,177.110001
156.286942,176.929993
157.242462,175.710007
156.711578,177.630005
155.561356,176.080002
156.640762,175.860001
155.092438,175.779999
155.41983,176.25
155.225159,176.119995
156.685059,175.729996
158.304138,178
158.472244,179.029999
158.206711,178.990005
159.180603,178.130005
159.658722,180.139999
160.03949,180
159.109741,180.639999
159.286865,179.610001
158.968124,179.229996
159.056686,179.839996
159.596802,179.119995
157.781693,179.059998
157.241592,177.399994
158.224274,178.080002
156.984787,177.479996
156.11705,176.380005
156.223251,176.830002
157.020187,175.690002
156.701477,177.25
158.667038,177.720001
156.984787,178.699997
157.091003,177.809998
155.373291,176.899994
156.949326,175.690002
155.444122,176.910004
155.506149,175.080002
154.664993,174.949997
155.279846,174.720001
155.297638,174.839996
157.145752,175.759995
158.407486,177.5
158.229752,178.490005
158.602951,178.220001
157.847687,178.979996
157.918823,176.979996
158.407486,177.300003
158.211945,177.869995
159.207138,178.490005
159.384964,179.460007
159.989059,179.669998
159.829147,179.369995
158.789566,178.699997
157.590057,178
157.101334,177
156.888092,177.25
157.678879,175.729996
157.15802,177.149994
158.297638,178.399994
158.529099,178.119995
158.09288,178.229996
160.087143,179.020004
154.576187,174.550003
152.421555,172.479996
154.754272,172.850006
157.264938,175.160004
159.366043,177.050003
159.642059,178.779999
158.662704,178.580002
159.348206,177.610001
159.179108,179.149994
161.413727,180.009995
162.143829,181.860001
163.274536,183.009995
163.461456,183.679993
164.672333,185.059998
164.721298,185.350006
164.899475,184.830002
165.202347,185.009995
165.523178,185.899994
164.810394,185.539993
165.282608,185
164.658905,185.270004
164.471786,184.610001
164.454041,185.139999
164.275757,184.279999
164.05304,183.850006
163.821442,184.350006
163.019501,183.699997
163.367065,182.850006
163.447235,183.5
165.059891,184.399994
165.077682,185.5
165.14006,185.380005
164.935104,185.399994
165.986465,185.699997
165.629974,186.139999
166.18248,186.399994
165.505356,186.169998
165.808258,185.770004
166.022095,185.970001
165.696732,185.300003
165.517822,184.949997
165.678757,185.699997
165.106522,185.059998
164.847244,184.279999
164.35553,184.619995
165.258514,183.830002
164.972382,184.929993
164.462769,184.25
164.605804,183.729996
165.2854,184.940002
165.696732,185.110001
165.696732,185.369995
165.249588,184.679993
161.753601,183.570007
163.890503,180.089996
161.655243,182.059998
161.324463,180.839996
162.960632,180.369995
162.122162,181.5
162.131073,181.880005
162.193771,181.809998
163.636169,181.660004
164.531967,183.660004
163.421143,183.410004
161.925095,181.509995
163.044891,180.580002
164.03035,182.360001
162.346146,182.820007
163.743668,182.130005
163.331558,182.309998
162.579025,182.619995
163.636169,182.160004
163.510742,182.339996
163.242004,182.800003
164.048248,182.220001
162.328171,182.860001
162.480453,181
162.005722,180.130005
162.408829,182
161.898209,181.169998
162.480453,181.940002
163.044891,181.850006
162.632706,181.720001
162.507294,180.600006
163.170853,182.360001
162.740387,181.820007
163.000473,180.600006
162.785202,182.300003
162.632782,181.820007
162.462372,181.580002
161.520874,181.520004
160.830368,179.660004
160.615112,179.699997
160.256363,179.110001
163.529526,181.169998
164.444183,182.199997
166.757843,181.929993
168.703705,186.830002
169.008621,187.949997
169.277618,189.110001
169.788788,188.759995
169.465866,188.789993
169.752853,189.089996
169.476837,188.899994
170.268234,188.880005
170.8797,189.919998
171.392227,189.929993
172.030792,191.089996
171.563065,190.929993
171.931885,190.830002
172.120697,191.970001
172.570343,191.839996
172.426514,191.910004
172.858093,192.479996
173.100861,192.160004
175.789734,192.470001
176.509216,195.830002
177.77713,196.440002
178.127853,197.839996
179.161957,198.960007
178.181778,198.970001
178.649399,198.539993
178.615128,198.699997
178.984665,198.300003
179.723694,199.160004
179.489365,199.429993
179.318115,199.100006
179.390167,198.960007
179.534378,199.160004
178.516068,199.520004
178.43486,197.990005
178.002289,198.25
178.822449,198.910004
179.480286,198.759995
179.119888,198.949997
179.804718,198.729996
179.12883,199.089996
178.804382,198.720001
179.642593,198.630005
179.119888,198.880005
179.074738,198.910004
178.525009,198.270004
178.398849,198.080002
177.795029,198.029999
178.582504,197.529999
178.420212,197.860001
179.376419,197.789993
180.801788,200.009995
181.072388,200.600006
180.991226,200.690002
179.863586,199.830002
178.943436,198.720001
179.187012,199.130005
179.168945,198.160004
180.765701,199.580002
180.675491,200.029999
180.946121,200.889999
180.88295,200.5
181.974564,200.820007
182.894699,202.300003
184.211761,203.320007
185.086807,204.059998
186.17836,205.389999
186.268585,206.550003
186.233276,205.029999
187.309753,206.559998
187.653488,206.729996
187.988251,208.059998
188.087677,207.080002
188.413269,207.729996
188.132904,208.110001
190.882843,209.919998
189.860626,211.190002
189.878723,210.059998
189.489685,209.259995
189.209335,209.210007
188.702789,209.580002
188.757065,208.740005
189.191238,209.690002
189.001328,209.130005
188.639465,208.570007
189.58017,208.830002
189.453644,210.169998
189.297729,209.529999
189.25235,208.850006
187.022781,209.330002
187.077225,205.960007
186.986542,206.029999
186.478943,206.580002
186.007736,204.179993
187.3853,205.080002
186.986542,206.529999
187.575623,206.300003
187.013763,206.720001
186.932144,206.520004
187.294693,206.020004
186.941147,207.589996
187.113388,206.449997
187.049973,206.190002
187.059067,206.490005
187.004669,206.220001
186.406494,206.300003
185.228241,205.339996
186.859589,204.929993
185.871735,205.360001
184.756989,205.259995
186.433685,204.350006
186.190536,205.509995
188.122757,207.330002
190.209137,208.949997
190.018738,209.809998
190.100327,209.729996
189.664932,209.630005
189.51973,209.490005
189.710281,209.100006
189.791885,209.130005
189.764725,209.649994
190.290848,209.070007
190.426895,209.699997
190.154694,210.139999
190.027679,209.190002
189.846329,209.139999
189.601364,208.970001
190.435974,209.399994
190.454147,210.320007
187.297302,208.119995
187.74173,206.029999
189.031891,206.75
189.832535,208.320007
190.260178,209.100006
190.896988,209.320007
191.588425,210.520004
191.552078,210.539993
191.251877,210.210007
191.06073,210.410004
192.334503,210.270004
192.798523,211.449997
192.752991,211.860001
192.30719,211.330002
192.625595,211.690002
192.752991,211.619995
193.489975,212.149994
193.244278,212.460007
194.126801,212.800003
194.554474,213.779999
194.418015,212.889999
194.65863,213.330002
195.898254,214.360001
195.424286,214.889999
194.959457,214.649994
194.813507,214.080002
194.822723,213.440002
194.941238,214.289993
194.084366,213.710007
195.278473,212.929993
193.792694,214.520004
194.366913,213.149994
195.506317,213.949997
195.588364,214.740005
194.275787,214.089996
195.10524,213.539993
195.050568,213.679993
195.041489,213.910004
196.180832,214.979996
196.390442,215.300003
197.119629,215.300003
197.083267,216.320007
196.609238,215.660004
197.174332,215.889999
197.055847,216.570007
196.668961,215.190002
196.267502,215.509995
196.970062,216.5
197.836975,216.809998
198.667313,217.279999
198.94104,217.529999
199.561508,218.649994
200.172928,219.740005
200.6474,219.830002
200.802521,219.929993
201.267899,220.639999
201.523392,220.75
201.377411,220.800003
201.204056,220.330002
199.470367,219.809998
199.561508,218.759995
200.720459,219.880005
200.893814,220.580002
201.176651,220.699997
198.749405,220
198.0625,216.990005
198.254608,216.460007
200.038254,217.410004
199.333923,218.009995
199.096115,218.550003
199.443695,218.259995
199.35228,218.5
199.946777,216.679993
200.257782,218.75
200.797485,219.529999
201.163345,220.130005
199.105225,219.529999
199.635788,218.539993
199.507721,218.470001
199.626587,217.610001
201.931778,219.580002
202.535416,221.330002
202.846451,221.350006
203.358688,221.649994
203.897629,222.130005
204.548447,222.919998
204.933395,223.369995
205.2267,223.570007
204.832596,223.899994
204.585052,223.220001
204.236755,223.110001
204.117599,223.059998
204.511749,223.399994
204.951675,222.970001
205.15332,223.389999
206.454895,224.190002
207.371552,225.740005
207.527359,226.389999
208.6548,226.610001
208.572266,227.339996
208.553955,227.889999
209.223114,228.210007
209.543854,228.320007
209.287262,228.490005
209.6539,228.710007
210.313843,229.070007
210.680496,229.710007
212.156158,231
212.330338,230.839996
213.855881,232.470001
213.415527,233.580002
214.919937,234.110001
213.883362,234.449997
214.516327,233.910004
214.80986,233.949997
214.039307,233.520004
214.314545,233.639999
214.828247,234.600006
215.534592,234.210007
215.736374,235.360001
215.947342,235.229996
215.956497,235.699997
215.993256,235.369995
215.314407,234.490005
215.04837,234.449997
215.259399,233.660004
214.910782,233.970001
213.69989,233.160004
215.488693,234.220001
214.607742,233.770004
215.306656,233.660004
216.75943,235.169998
216.244537,236.059998
216.520416,235.559998
216.75943,235.5
219.15947,236.320007
220.152542,239.149994
223.297287,240.679993
222.938644,243.139999
223.545532,245.009995
222.534073,243.779999
222.175491,241.720001
222.855942,241.210007
224.014542,243.190002
224.520294,243.770004
225.687973,244.929993
226.478851,245.690002
225.807602,246.889999
226.951294,246.210007
228.370682,248.009995
228.011154,248.309998
227.707077,248.330002
228.250809,247.729996
228.011154,247.580002
227.873001,246.940002
228.08493,247.149994
228.684006,247.940002
227.992767,248.570007
228.582611,248.339996
229.439697,248.320007
230.960388,249.960007
232.914291,251.380005
232.79451,252.75
233.928101,253.199997
233.743698,253.169998
235.57782,254
237.697617,256.630005
237.605316,260.269989
240.61911,259.26001
239.77121,261.23999
240.25441,260.049988
241.582321,259.700012
241.480789,261.829987
242.126297,263
243.214432,263.579987
245.206299,264.320007
243.59256,265.559998
240.328217,261.480011
241.08432,263
241.250259,259.950012
235.081146,259.609985
224.329056,252.220001
229.57605,238.320007
229.391586,248.240005
220.087234,248.960007
223.185562,241.410004
227.003281,244.029999
227.372147,244.720001
229.889572,245.169998
232.840408,251.619995
232.937515,251.429993
230.524536,250.440002
229.017563,249.600006
230.653961,248.630005
233.815765,250.789993
237.523041,254.320007
234.786484,257.100006
231.31041,255.179993
227.408981,250.210007
226.826569,243.550003
230.053024,243.839996
230.053024,250.179993
229.378189,245.860001
230.330383,249.130005
234.416687,250.940002
232.937515,254.050003
231.328857,253.100006
229.165497,251.410004
230.200928,248.839996
230.71402,248.570007
227.759537,248.300003
228.861725,246.490005
228.417099,247.139999
221.692917,244.089996
217.775238,239.979996
223.971375,239.029999
220.70192,243.050003
220.692703,239.039993
223.582397,239.570007
218.719894,240.330002
222.424698,237.380005
224.564163,235.050003
226.833313,243.800003
221.479965,242.300003
222.035614,241.160004
225.999725,243.350006
224.026947,242.130005
226.740692,243.660004
225.601456,246.419998
227.490921,245.119995
229.510071,248.149994
229.121078,247.880005
228.370789,246.919998
226.556366,246.369995
226.435913,245.059998
222.488174,245.389999
223.053482,240.289993
225.296051,241.429993
225.138504,242.970001
223.831833,244.100006
223.109116,240.690002
221.580063,240.610001
221.57077,237.919998
224.740051,238.110001
225.574051,243.5
225.574051,243.169998
227.40892,244.229996
229.317856,246
230.31871,247.699997
230.995224,249.410004
229.178879,248.070007
229.790482,247.179993
229.577286,247.800003
229.537415,246.970001
232.269547,249.220001
230.633972,250.369995
231.052155,246.830002
230.383072,248.130005
229.881241,247.410004
226.238373,245.380005
229.258591,245.169998
226.916763,246
228.942627,246.139999
230.652573,247.720001
230.606064,248.160004
233.737839,249.240005
234.676437,252.220001
235.364105,251.960007
235.475662,253.619995
235.391998,253.740005
234.351151,253.419998
234.174606,253.160004
233.361252,250.270004
232.421188,248.800003
229.768723,246.600006
229.377869,247.960007
227.553665,245.830002
228.661179,245.919998
225.515472,244.179993
225.850571,242.919998
224.40799,243.270004
225.301407,240.470001
225.906403,243.479996
225.906403,240.919998
224.910538,244.059998
226.66954,243.130005
227.646729,243.309998
230.662186,245.779999
231.955841,248.520004
229.954895,247.339996
232.020981,249.070007
232.858643,249.240005
233.296066,250.389999
233.863739,250.550003
234.561783,251.389999
233.407745,251.220001
233.377914,249.820007
233.210159,250.210007
235.027328,251.259995
236.714005,251.570007
237.739044,254.520004
236.937637,255.110001
235.642349,254.529999
236.85379,253.690002
235.865997,253.899994
235.856705,251.449997
237.058746,253.039993
237.487473,254.220001
238.670975,255.979996
238.204956,255.970001
237.776367,255.759995
236.043076,253.679993
234.868881,253.570007
235.959183,252.759995
234.607971,251.839996
238.503204,254.369995
239.537903,255.229996
240.397034,257.109985
240.994705,257.929993
240.163544,258
239.519165,256.799988
240.789215,257.23999
243.338547,259.25
243.394638,261.299988
244.039001,260.799988
242.806305,260.73999
242.656891,259.589996
242.544769,259.220001
242.722244,259.220001
243.067734,260.140015
242.367371,259.329987
241.807114,260.519989
242.824966,258.100006
243.030533,260.149994
244.459183,261.420013
244.561966,262.01001
243.712128,261.720001
245.514389,261.25
246.924469,263.100006
249.371124,266
249.956909,267.549988
248.36615,266.679993
247.720535,266.029999
246.831543,264.809998
247.271301,264.25
247.411682,263.559998
249.592056,266.100006
250.378052,266.109985
250.733688,268.769989
249.142792,267.690002
247.336838,266.339996
247.814087,263.25
247.252563,264.380005
239.607544,264.040009
234.189636,254.729996
237.024918,254.360001
236.126541,252.869995
241.348099,254.619995
240.459122,256.920013
237.380478,256.109985
238.124878,254.229996
236.926346,255.070007
235.643631,249.039993
229.997574,252.399994
233.864609,247.330002
230.830933,247.380005
228.902115,248.720001
232.862732,244.440002
235.194183,250.940002
237.572433,252.149994
236.383286,255.380005
238.274658,252.839996
239.913223,254.529999
245.109787,258.459991
245.4095,261.529999
243.527466,261.160004
238.031235,259.700012
236.945084,253.830002
234.931992,255.020004
237.09491,250.199997
238.437958,251.789993
234.505493,253.610001
229.474838,246.360001
229.615601,245.839996
227.888687,243.25
231.248718,244.869995
232.290497,245.179993
238.240875,249.119995
238.006195,253.600006
239.808258,253.100006
242.830383,260.170013
235.321945,257.640015
234.374115,246.360001
229.296524,249.660004
229.671951,243.940002
229.221436,248.440002
230.770035,247.389999
231.136078,246.419998
226.584167,244.059998
221.900803,240.039993
222.773605,238.440002
219.075699,237.550003
214.824158,232.589996
210.886658,229.009995
205.249619,222.5
215.234451,219.190002
217.634171,225.539993
216.900131,232.710007
219.459869,232.330002
219.610428,229.270004
213.361694,231.25
220.476257,230
221.492676,234.839996
223.901749,237.940002
224.842834,238.929993
225.859177,237.639999
225.746277,238.869995
224.861694,237.929993
226.461548,238.940002
227.609711,241.360001
229.435379,241.229996
232.659958,245.649994
229.787521,245.350006
231.407364,246.149994
231.171921,245.470001
232.980087,247.389999
230.823502,244.729996
231.397949,245.350006
235.607635,248.410004
235.551071,248.949997
235.890137,250.669998
237.62291,250.429993
239.16745,253.360001
239.082626,253.630005
237.227371,252.399994
236.681152,250.509995
236.323303,252.119995
239.704193,252.720001
240.900223,255.529999
240.297516,254.539993
244.252426,256.170013
244.403503,257.959991
245.055115,258.820007
244.139069,258.940002
245.687775,259.26001
246.367752,261.850006
246.037262,259.959991
245.404526,259.820007
244.84729,259.859985
245.923874,261.149994
243.902939,261.5
243.817963,258.220001
242.571457,258.23999
240.626099,256.399994
240.531723,252.880005
242.467606,252.850006
241.617645,256.23999
243.02478,256.839996
243.204178,257.329987
244.477036,257.579987
245.092087,257.940002
244.988022,260.109985
243.483368,258.459991
245.650467,256.380005
241.278366,257.920013
241.382462,254.690002
242.697815,257.049988
242.366669,256.630005
243.284576,256.920013
245.224625,258.579987
248.309677,261.230011
247.647217,262
247.940613,262.579987
249.625107,262.220001
249.984726,264.559998
249.095123,262.829987
247.476852,262.119995
247.562103,261.899994
247.372726,261.920013
249.899536,263.869995
249.653442,264.019989
250.334793,265.279999
250.334793,265.100006
251.459793,264.980011
250.995728,264.600006
252.330948,265.450012
251.800629,266.380005
250.484436,264.059998
251.25145,264.420013
251.34613,265.320007
251.67749,266.01001
250.124619,266.470001
248.922043,263.76001
250.901154,264.320007
250.238266,260.350006
245.740494,261.980011
245.873062,259.410004
244.717743,257.73999
246.119171,257.579987
240.011719,254.669998
242.227448,254.399994
243.278595,254.169998
245.399628,258
244.378174,256.359985
243.647247,256.209991
245.640717,258.200012
244.53006,257.910004
241.834198,255.320007
243.125137,256.209991
240.609619,256.119995
238.521225,252.080002
239.090775,251.770004
235.625961,249.389999
235.89183,248.339996
240.780441,250.729996
242.754959,255.220001
244.643936,256.119995
247.045639,258.459991
247.748047,261.880005
247.643692,262.660004
247.235474,260.799988
248.289093,261.339996
248.241669,261.23999
248.403046,261.640015
251.867889,263.230011
252.086227,265.399994
254.478302,268.049988
254.151962,267.290009
254.218597,267.329987
252.401199,267.390015
252.363129,266.119995
252.296494,265.450012
252.962585,265.940002
254.028305,268.450012
254.684814,266.839996
256.492676,268.339996
256.216766,268.709991
255.065445,267.899994
254.875107,266.720001
255.664856,268.839996
257.786774,269.660004
260.137115,271.660004
260.336884,273.549988
260.165527,273.619995
259.080902,273.339996
259.07135,271.660004
258.502838,273.179993
258.693268,271.769989
260.312256,272.790009
259.607574,272.25
258.445587,272.480011
258.893158,271.649994
259.15036,271.859985
258.940887,271.089996
255.712479,272.299988
253.084259,268.820007
252.179535,265.209991
244.837219,260.98999
247.875122,258.549988
247.827408,257.130005
251.531906,261.459991
250.627258,263.440002
247.027542,261.420013
250.617798,259.070007
242.913605,259.179993
244.132507,256.23999
247.182205,257.390015
249.531021,262.040009
247.955643,261.01001
250.18985,261.829987
250.695877,262.709991
244.709305,261.269989
247.392303,259
246.151001,260.51001
248.623993,257.019989
251.975357,262.940002
252.194962,265.269989
249.607422,262.070007
252.004089,263.579987
255.584579,266.730011
256.195648,268.070007
256.653992,268.850006
257.217316,268.480011
259.413452,269.720001
260.014893,272.619995
260.282227,273.019989
258.916901,271.600006
259.289337,270.589996
259.680756,271.23999
259.155518,272.470001
257.698029,271.390015
257.803223,268.25
256.47287,270.420013
258.013763,268.399994
257.343811,270.01001
256.491974,269.579987
257.630981,268.51001
254.108826,269.76001
249.533936,264.059998
250.768539,260.309998
254.261963,262.880005
253.381363,264.920013
250.357071,262.640015
252.127609,263.440002
253.639847,263.230011
256.654694,267.769989
256.367554,267.600006
258.626312,269.119995
258.49234,269.790009
258.77948,270.670013
256.321045,269.609985
256.866882,268.059998
256.493408,268.480011
256.89563,268.119995
256.646698,269.019989
258.198151,267.720001
259.356964,270.779999
259.414337,270.470001
260.24762,270.869995
259.040955,271.570007
261.779938,271.859985
262.938782,274.730011
263.187744,275.079987
263.178223,275.019989
265.33313,276.559998
265.352234,277.160004
265.438416,275.790009
265.562958,277.429993
266.29068,276.339996
266.463165,277.880005
268.597015,278.869995
268.913635,279.76001
268.011719,280.829987
266.927521,278.640015
266.46701,278.329987
267.560699,278.380005
269.42215,279.679993
269.959503,281.070007
270.487305,281.609985
269.56604,281.299988
266.927521,281.450012
264.346466,275.429993
265.824127,277
266.121582,277.859985
269.326233,279.450012
268.424408,280.440002
268.136505,279.690002
268.385956,279.130005
270.525543,279.519989
270.679077,281.929993
271.60025,282.929993
271.916809,283.190002
271.734558,283.790009
272.933838,283.649994
273.767273,284.76001
274.604675,285.339996
274.296692,285.630005
275.307159,285.230011
275.567017,286.829987
273.834747,286.339996
274.38324,283.910004
277.770935,286.440002
275.557373,285.339996
276.192596,284.290009
274.999176,286.299988
276.596802,285.320007
278.675629,288.950012
277.405212,289.959991
278.155823,288.790009
278.348389,288.869995
279.435883,289.01001
281.918915,291.630005
282.379211,293.519989
280.992676,292.440002
280.97345,292.5
280.71347,290.75
279.038086,292.540009
274.762939,284.850006
276.621246,286.220001
276.621246,288.98999
277.824829,285.670013
271.932098,286.959991
273.434204,283.690002
277.343445,287.679993
281.984436,290.76001
282.831848,294.019989
280.376434,292.76001
282.071136,290.200012
282.061462,294.350006
284.73822,294.630005
283.871582,294.390015
283.602081,294.970001
282.071136,293.149994
283.178497,293.769989
281.907471,293.559998
279.748474,290.799988
269.919586,280.329987
261.365143,280.799988
260.43811,271.98999
248.620316,264.859985
245.781677,250.520004
257.821686,256.709991
250.3582,267.799988
261.548492,265.450012
252.44368,264.269989
249.923737,253.669998
230.487946,241.5
241.832718,247.289993
227.707214,243.539993
204.795532,220.5
224.10585,225.649994
195.507233,206.5
206.108627,207.009995
192.514206,199.070007
194.36795,198.369995
185.838211,203.289993
180.250458,190.130005
200.112595,196.270004
205.361374,210.570007
217.960464,214.429993
209.515884,217.610001
216.052612,217.360001
212.304871,221.949997
202.766022,210.649994
207.20137,208.309998
203.947464,212.729996
219.374252,218.949997
219.442093,235.460007
226.927948,229.139999
229.649139,237.839996
226.56958,236.410004
232.108917,238.699997
227.654221,234.479996
227.905945,235.699997
234.901764,241.600006
229.291565,238.240005
223.070984,231.330002
227.479675,234.399994
227.770325,235.509995
230.444656,236.610001
233.826248,239.119995
233.603424,245.009995
238.796936,245.479996
235.667252,244.199997
229.911728,239.580002
230.047394,235.210007
231.384521,240.020004
229.504761,240.339996
231.491104,239.240005
236.054825,242.270004
235.027756,241.679993
230.686859,243.809998
225.59024,236.960007
229.398209,230.080002
230.00206,234.160004
238.759033,243.509995
235.157227,245.449997
238.564835,245.399994
237.875549,245.550003
237.739639,244.910004
242.953049,250.839996
248.312134,253.729996
246.933533,257.869995
246.875259,253.270004
247.826721,253.779999
250.331436,256.549988
255.496338,260.350006
255.651642,262.369995
263.622253,270.399994
268.224091,272.899994
265.408661,273.23999
262.573761,273.200012
244.681152,262.140015
249.253799,259
250.816879,250.289993
256.127319,267.089996
254.185715,264.609985
253.826492,260.040009
251.979462,264.209991
253.459442,257.880005
254.608322,262.829987
247.919403,259.220001
250.655365,253.339996
243.781372,255.649994
249.165634,252.179993
251.07399,255.070007
250.528717,258.869995
251.609467,261.149994
256.068878,262.160004
252.213165,261.100006
253.848907,259.640015
250.460556,260.869995
253.946243,257.200012
254.160461,263.059998
259.564178,260.540009
261.82312,270.470001
260.42099,267.160004
259.915253,267.950012
259.993286,266.390015
261.474304,268.820007
263.072388,267.820007
259.866486,269.640015
257.917725,265.149994
259.145508,264.769989
257.177155,264.920013
258.707001,264.190002
256.543823,262.480011
257.586395,263.76001
259.895752,265.670013
261.542572,266.290009
265.04068,269.98999
266.892059,271.630005
267.593628,273.230011
271.023651,275.51001
270.09787,280.899994
272.875,279.839996
272.270874,279.130005
272.641083,278.230011
271.812836,280.140015
271.082062,279.100006
270.331757,278.679993
270.760498,276.040009
272.736969,277.040009
276.535675,281.720001
275.988892,284.230011
276.779877,282.609985
278.352112,284.440002
279.973206,286.230011
277.609894,286.26001
280.061096,283.730011
284.37735,288.079987
276.692017,290.970001
275.158844,284.910004
268.957825,278.820007
273.283844,278.089996
269.319122,281.130005
270.588623,276.950012
273.947906,278.920013
273.996765,282.420013
274.436127,281.540009
273.010437,277.690002
270.677765,279.019989
265.705139,271.579987
267.046143,271.670013
261.926636,274.179993
262.435699,266.859985
265.959625,266.76001
270.070862,275.26001
268.622131,275.600006
271.637085,275
272.263519,279.329987
270.951874,274.170013
275.562347,278.790009
271.852417,282.540009
276.942627,280.279999
278.2836,284.519989
279.888947,285.609985
282.365509,286.950012
280.681885,287.660004
279.105896,287.220001
279.017792,282.029999
280.043091,286.23999
276.184723,286.640015
277.085663,283.160004
276.126007,282.540009
277.771179,282.100006
277.46759,284.450012
271.258972,280.140015
268.967499,276.950012
259.977783,269
261.064789,265.130005
259.566406,265.029999
263.620636,268.899994
268.957703,272.660004
272.737701,275.899994
278.025757,282.290009
277.350067,283.950012
285.67392,298.609985
288.406036,293.299988
288.014343,296.070007
285.017761,292.220001
289.032776,292.970001
293.762756,299.279999
292.127319,297.309998
288.650909,299.200012
289.209106,294.059998
287.100983,294.220001
290.398621,294.26001
294.85437,298.940002
293.195679,299.950012
293.686432,299.440002
291.115021,297.519989
292.901276,299.730011
293.627533,297.100006
294.491241,299.380005
296.974274,300.73999
295.511902,301.769989
296.591522,300.01001
295.29599,303.220001
294.96228,299.98999
295.345032,299.429993
293.548981,303.019989
297.003662,300.950012
296.542389,302.540009
297.857544,303.220001
296.872223,303.070007
297.108246,298.790009
295.072693,301.839996
296.262573,301.200012
296.990234,301.660004
298.937195,303.690002
298.406281,305.429993
299.065094,304.109985
300.697479,304
297.285217,306.589996
298.779968,301.929993
303.077148,303.75
305.328979,309.720001
305.860046,311.25
305.004517,308.48999
305.564941,310.179993
305.456848,310.630005
304.886475,311.589996
303.11377,308.01001
304.294312,310.359985
306.704498,310.429993
306.802826,312.01001
304.933716,309.859985
304.618896,308.98999
304.363159,310.540009
298.332672,306.540009
301.097076,304.980011
294.938782,303.920013
297.112885,302.279999
301.834869,304.540009
302.267792,306.100006
305.622375,307.850006
306.47818,312.359985
308.790039,312.700012
308.81955,313.26001
309.390137,315.170013
309.567169,315.089996
309.921326,314.279999
310.452576,316.329987
311.456055,314.690002
310.432892,314.75
310.394409,315.609985
310.680298,312.899994
310.857697,314.769989
314.938202,314.679993
309.467957,319.709991
305.003113,314.420013
311.05484,313.480011
309.674927,315.720001
308.492157,313.940002
305.131195,313.190002
310.709839,312.5
313.676544,316.75
314.031464,319.470001
318.683563,320.529999
320.654846,324.709991
323.592041,325.670013
325.346436,329.179993
324.134125,329.850006
326.016663,329.209991
324.626923,330.299988
321.981018,328.089996
323.195862,325.549988
320.055176,326.320007
320.07486,325.279999
322.158813,322.709991
326.5242,327.600006
327.561249,329.290009
326.731598,331.049988
326.099518,330.609985
327.353851,330.779999
331.057495,333.940002
330.237732,334.690002
330.237732,334.140015
330.988342,334.299988
333.68454,335.720001
333.378387,337.26001
332.627838,336.630005
333.358673,336.809998
336.232727,338.829987
337.746246,341.730011
336.649628,341.070007
334.051239,339.399994
337.192993,337.630005
334.051239,341.119995
336.333435,337.75
335.780182,341.149994
335.740753,339.600006
334.298309,339.230011
336.471771,339.890015
334.861359,338.920013
337.00528,340.790009
337.380707,339.98999
338.161224,342.25
341.352325,342.929993
343.693817,345.170013
343.555481,349.26001
338.783691,344.98999
331.956848,341.549988
336.353241,336.299988
340.117401,342.309998
339.514709,343.329987
337.00528,343.850006
335.355438,337.559998
337.410339,339.73999
338.621155,342.290009
340.521912,343.369995
339.749756,344.679993
339.838806,343.559998
341.155579,345.350006
342.185181,346.380005
342.412842,348.540009
342.897949,346.75
342.561371,344.609985
344.422546,347.070007
343.125671,348.5
342.878113,346.690002
341.343658,346.540009
341.531769,346.540009
341.670319,346.029999
340.858551,344.829987
339.977417,344.51001
337.353912,343.410004
335.265015,340.559998
330.112488,334.350006
335.882721,335.26001
336.546997,338.730011
335.882721,339.589996
339.055359,340.670013
341.504242,343.690002
339.868256,344.329987
339.927765,343.980011
341.999939,342.380005
343.397858,345.779999
344.964325,347.040009
342.862488,347.75
343.953094,345.649994
341.434814,342.559998
345.74762,346.570007
347.036469,348.01001
346.015289,349.529999
346.421783,350.190002
346.947266,347.899994
343.978088,350.720001
337.17276,341.790009
342.331299,340.290009
345.218109,346.970001
345.485992,347.769989
347.777618,350
348.61087,350
347.827179,350.019989
346.57724,351.019989
348.025635,350.950012
346.696259,349.880005
345.575287,350.450012
348.293427,349.089996
345.218109,349.589996
347.817261,348.850006
349.285492,351.619995
348.352966,351.600006
349.92041,351.410004
352.112793,353.940002
352.400421,355.190002
352.559204,355.850006
353.729828,354.410004
351.011627,353.910004
347.331177,352.619995
346.696259,347.329987
348.972992,348.980011
351.248749,352.959991
351.536896,354.079987
351.974182,353.779999
349.966766,354.470001
352.361786,352.649994
351.874817,354.959991
351.715851,353.799988
351.348114,354.290009
352.659851,354.779999
351.934448,353.679993
349.251251,353.640015
348.545685,350.820007
347.134521,350.559998
344.540802,351.25
347.124603,348.910004
344.312225,350.399994
346.647583,346.410004
346.011566,348.910004
344.215027,346.850006
338.000732,340.220001
337.711914,341.410004
341.087952,341.160004
346.127106,344.809998
346.435822,346.5
347.17276,348.290009
341.506256,347.309998
342.352692,343.869995
336.895325,345.079987
341.765137,340.029999
338.608246,342.609985
341.715363,341.130005
342.701263,340.480011
346.196808,346.869995
346.097229,347.920013
343.557739,347.660004
342.362671,345.48999
342.47226,343.950012
347.690643,347.209991
351.513092,351.649994
351.164398,351.339996
353.116974,353.670013
354.68103,354.51001
354.611267,355.390015
355.388336,355.970001
356.195251,357.359985
356.145447,358.559998
353.63501,358.089996
355.946198,355.75
356.872681,356.649994
357.769287,359.450012
359.203827,359.410004
360.190063,359.910004
359.980865,361.339996
361.923462,362.959991
362.939636,365.059998
361.903534,364.190002
359.701935,362.519989
358.098022,361.190002
359.911133,360.690002
359.871277,362.600006
360.558655,361.820007
358.486542,361.440002
357.988464,360.029999
355.254486,357.890015
355.543976,357.480011
357.360596,356.279999
357.370575,356.059998
348.377167,350.329987
350.543182,352.589996
344.264771,348.700012
339.832947,348.040009
345.971619,341.809998
345.602295,347.859985
352.170197,349.26001
357.081116,355.929993
357.330658,358.170013
357.450439,356.75
359.566559,359.589996
356.382416,359.429993
355.514038,355.709991
359.147308,355.829987
358.777985,361.269989
353.630005,356.299988
349.269989,349.380005
354.910004,352.160004
357.390015,354.950012
359.359985,358.390015
362.920013,360.059998
363.98999,363.109985
364.839996,363.899994
364.070007,365.690002
363.320007,363.51001
365.679993,364.339996
367.869995,367.339996
364.089996,367.709991
362.390015,364.109985
362.309998,361.890015
360.790009,361.070007
